No,Authors,Year,Title,Dataset_or_Experimental_Setting,Sample_or_Feature_Details,Methods_or_Models,Feature_Selection_or_Preprocessing,Evaluation_Metrics,Key_Finding_or_Reported_Result,Comparability_to_Proposed_Cleveland_Study
1,Palaniappan & Awang,2008,Intelligent Heart Disease Prediction System Using Data Mining Techniques,General heart-disease dataset; details not specified,Not specified,Decision Tree; Naive Bayes; Neural Network,Not specified,Not specified,Early application of data-mining methods to automated clinical decision support,Contextual
2,"Sultana, Haider & Uddin",2016,Analysis of Data Mining Techniques for Heart Disease Prediction,Heart-disease dataset; details not specified,Not specified,KStar; J48; SMO; Bayes Net; Multilayer Perceptron,Not specified,Accuracy; ROC; AUC,SMO and Bayes Net showed strong performance,Contextual / methodological
3,Abdar et al.,2015,Predicting Heart Disease Using Machine Learning/Data Mining Techniques,Heart-disease dataset; details not specified,Not specified,Decision Tree; Neural Network; SVM; Logistic Regression; KNN; multiple classifiers,Not specified,Not specified,Comparative baseline across several classifiers,Contextual / methodological
4,Arabasadi et al.,2017,Computer Aided Decision Making for Heart Disease Detection Using Hybrid Neural Network-Genetic Algorithm,Z-Alizadeh Sani coronary artery disease dataset,303 patients; 54 features,Genetic Algorithm + Neural Network,Genetic Algorithm optimization,Accuracy; sensitivity; specificity,93.85% accuracy; 97% sensitivity; 92% specificity,Limited direct comparison: different dataset
5,Uyar & Ilhan,2017,Diagnosis of Heart Disease Using Genetic Algorithm Based Trained Recurrent Fuzzy Neural Networks,UCI Cleveland,297 available; 252 train / 45 test,GA-trained Recurrent Fuzzy Neural Network,Genetic Algorithm,Accuracy; sensitivity; specificity; precision; F-score; misclassification error,97.78% testing accuracy,Direct Cleveland comparison
6,Pahwa & Kumar,2017,Prediction of Heart Disease Using Hybrid Technique for Selecting Features,Heart-disease dataset; details not specified,Not specified,Feature selection + Naive Bayes + Random Forest,Hybrid feature selection,Not specified,Focus on reducing irrelevant or redundant attributes,Methodological
7,Sharma & Saxena,2017,Application of Fuzzy Logic and Genetic Algorithm in Heart Disease Risk Level Prediction,Heart-disease dataset; details not specified,Not specified,Fuzzy logic + Genetic Algorithm,Genetic Algorithm / fuzzy-rule weighting,Not specified,Generates weighted fuzzy rules and identifies risk levels,Contextual
8,Haq et al.,2018,A Hybrid Intelligent System Framework for the Prediction of Heart Disease Using Machine Learning Algorithms,Cleveland,Not specified,Logistic Regression; KNN; ANN; SVM; Naive Bayes; Decision Tree; Random Forest,Relief; mRMR; LASSO,Classification accuracy; computational time,Feature selection could affect accuracy and computational time,Direct Cleveland comparison
9,Dwivedi,2018,Performance Evaluation of Different Machine Learning Techniques for Prediction of Heart Disease,Heart-disease dataset; details not specified,Not specified,Six ML techniques,Not specified,Multiple classification measures; ROC,Logistic Regression: 85% accuracy; 89% sensitivity; 81% specificity,Methodological / contextual
10,"Amin, Chiam & Varathan",2019,Identification of Significant Features and Data Mining Techniques in Predicting Heart Disease,Cleveland plus another validation dataset,Not specified,Seven classifiers; voting,Significant-feature analysis,Accuracy,Significant-feature/voting model: 87.4% accuracy,Direct Cleveland comparison
11,"Mohan, Thirumalai & Srivastava",2019,Effective Heart Disease Prediction Using Hybrid Machine Learning Techniques,Heart-disease dataset; details not specified,Not specified,Random Forest + Linear Model,Significant-feature investigation,Not specified,Hybrid learning using significant features,Methodological / contextual
12,Latha & Jeeva,2019,Improving the Accuracy of Prediction of Heart Disease Risk Based on Ensemble Classification Techniques,Heart-disease dataset; details not specified,Not specified,Bagging; boosting,Feature selection,Accuracy,Reported improvements in prediction accuracy,Ensemble / methodological
13,Ali et al.,2019,An Automated Diagnostic System for Heart Disease Prediction Based on χ² Statistical Model and Optimally Configured Deep Neural Network,Heart-disease dataset; details not specified,Not specified,Optimally configured Deep Neural Network,χ² statistical feature selection,Not specified,Combines statistical feature selection with optimized deep learning,Advanced methodological
14,Al-Makhadmeh & Tolba,2019,Utilizing IoT Wearable Medical Device for Heart Disease Prediction Using Higher Order Boltzmann Model: A Classification Approach,IoT wearable medical-device setting,Not specified,Higher Order Boltzmann Deep Belief Neural Network,Not specified,F-measure; sensitivity; specificity; ROC; accuracy,99.03% accuracy in reported setting,Limited direct comparison: substantially different setting
15,"Tougui, Jilbab & El Mhamdi",2020,Heart Disease Classification Using Data Mining Tools and Machine Learning Techniques,"303-instance, 13-feature dataset",303 instances; 13 features,Logistic Regression; SVM; KNN; ANN; Naive Bayes; Random Forest,Not specified,Accuracy; sensitivity; specificity,One of the most directly comparable studies,Direct structural comparison
16,Khan et al.,2020,Empirical Study of Various Classification Techniques for Heart Disease Prediction,Heart-disease dataset; details not specified,Not specified,Comparative classifiers; exact algorithms not enumerated,Not specified,Not specified,Supports empirical comparison rather than a single predictive method,Methodological / contextual
17,Kavitha et al.,2021,Heart Disease Prediction Using Hybrid Machine Learning Model,Cleveland,Not specified,Decision Tree + Random Forest,Hybrid model combination,Accuracy,88.7% accuracy,Direct Cleveland comparison
18,Bharti et al.,2021,Prediction of Heart Disease Using a Combination of Machine Learning and Deep Learning,UCI Heart Disease dataset,Not specified,Machine Learning + deep learning,Isolation Forest; normalization,Accuracy,Deep-learning approach reported 94.2% accuracy,UCI-based; full comparability not specified
19,Rani et al.,2021,A Decision Support System for Heart Disease Prediction Based Upon Machine Learning,Heart-disease dataset; details not specified,Not specified,ML decision-support system; exact models not specified,Not specified,Not specified,Emphasizes automated predictive decision support,Contextual
20,Teekaraman et al.,2022,Implementation of a Heart Disease Risk Prediction Model Using Machine Learning,Cleveland,303 records; 13 selected features,SVM; Gaussian Naive Bayes; Logistic Regression; LightGBM; XGBoost; Random Forest,Not specified,Validation accuracy,Random Forest: 88.5% highest reported validation accuracy,Direct Cleveland benchmark
